Date,JPM,BAC
2021-01-04,109.49156951904297,26.464048385620117
2021-01-05,110.08734130859375,26.666732788085938
2021-01-06,115.25659942626953,28.33230972290039
2021-01-07,119.04150390625,28.957998275756836
2021-01-08,119.1729507446289,28.66718292236328
2021-01-11,120.9515380859375,29.14305877685547
2021-01-12,122.85272979736328,29.66299057006836
2021-01-13,122.96666717529297,29.48674964904785
2021-01-14,123.68505859375,29.95381736755371
2021-01-15,121.46844482421875,29.090179443359375
2021-01-19,120.9427490234375,28.878679275512695
2021-01-20,119.129150390625,28.49974822998047
2021-01-21,118.13034057617188,27.997432708740234
2021-01-22,117.2191162109375,27.803552627563477
2021-01-25,115.75599670410156,27.45986557006836
2021-01-26,115.28289031982422,27.2659912109375
2021-01-27,112.02360534667969,26.28779411315918
2021-01-28,113.99494934082031,26.719606399536133
2021-01-29,112.73329162597656,26.129173278808594
2021-02-01,113.56563568115234,26.402359008789062
2021-02-02,117.06145477294922,27.34530258178711
2021-02-03,118.40192413330078,27.82999038696289
2021-02-04,121.12674713134766,28.640743255615234
2021-02-05,120.89014434814453,28.526174545288086
2021-02-08,122.78263854980469,29.160682678222656
2021-02-09,122.29200744628906,29.037311553955078
2021-02-10,122.36214447021484,29.063743591308594
2021-02-11,122.0204086303711,28.975622177124023
2021-02-12,123.75516510009766,29.40743064880371
2021-02-16,126.73403930664062,30.200563430786133
2021-02-17,127.12833404541016,30.323928833007812
2021-02-18,127.55762481689453,30.13005828857422
2021-02-19,129.6866455078125,30.438499450683594
2021-02-22,130.90447998046875,30.9760684967041
2021-02-23,131.9558868408203,31.30213165283203
2021-02-24,134.27764892578125,32.06001281738281
2021-02-25,132.45526123046875,31.663442611694336
2021-02-26,128.94189453125,30.58831024169922
2021-03-01,131.85948181152344,31.540067672729492
2021-03-02,131.43019104003906,31.31093978881836
2021-03-03,133.9710235595703,32.09524917602539
2021-03-04,131.91204833984375,32.32551574707031
2021-03-05,132.21871948242188,32.706336975097656
2021-03-08,133.9710235595703,32.88347244262695
2021-03-09,133.02471923828125,32.16611099243164
2021-03-10,135.916015625,33.09602355957031
2021-03-11,135.2063446044922,32.980892181396484
2021-03-12,136.80970764160156,33.600826263427734
2021-03-15,136.12628173828125,33.43256759643555
2021-03-16,134.4967041015625,33.33514404296875
2021-03-17,135.88095092773438,33.60969161987305
2021-03-18,138.12387084960938,34.48645782470703
2021-03-19,135.9248046875,34.12335205078125
2021-03-22,132.27125549316406,33.35286331176758
2021-03-23,130.94834899902344,32.679771423339844
2021-03-24,131.964599609375,32.679771423339844
2021-03-25,133.65557861328125,33.35286331176758
2021-03-26,135.88095092773438,34.25619888305664
2021-03-29,133.7694549560547,33.92850875854492
2021-03-30,135.3465118408203,34.53074264526367
2021-03-31,133.37518310546875,34.26504898071289
2021-04-01,134.67190551757812,34.973548889160156
2021-04-05,135.38575744628906,35.248104095458984
2021-04-06,134.43397521972656,35.15067672729492
2021-04-07,136.54025268554688,35.46951675415039
2021-04-08,136.7077178955078,35.159542083740234
2021-04-09,137.73004150390625,35.4163703918457
2021-04-12,137.43917846679688,35.478370666503906
2021-04-13,135.79998779296875,34.822994232177734
2021-04-14,133.26181030273438,35.318965911865234
2021-04-15,134.10784912109375,34.3093376159668
2021-04-16,135.10372924804688,34.67244338989258
2021-04-19,134.5308837890625,34.69015121459961
2021-04-20,131.5521240234375,33.724815368652344
2021-04-21,132.67137145996094,34.29161834716797
2021-04-22,129.87762451171875,33.97280502319336
2021-04-23,132.3628692626953,34.699012756347656
2021-04-26,132.68896484375,34.9026985168457
2021-04-27,133.29705810546875,35.318965911865234
2021-04-28,134.16073608398438,35.45179748535156
2021-04-29,136.76937866210938,36.408267974853516
2021-04-30,135.55319213867188,35.894615173339844
2021-05-03,135.15660095214844,35.921180725097656
2021-05-04,137.02499389648438,36.31085968017578
2021-05-05,138.8228302001953,36.65625762939453
2021-05-06,141.6165771484375,37.20534133911133
2021-05-07,142.10130310058594,37.355899810791016
2021-05-10,142.08364868164062,37.24078369140625
2021-05-11,139.7217559814453,36.815670013427734
2021-05-12,138.76112365722656,36.470279693603516
2021-05-13,142.33041381835938,37.05479049682617
2021-05-14,144.54249572753906,37.515316009521484
2021-05-17,145.12420654296875,37.85185623168945
2021-05-18,143.0795440673828,37.33819580078125
2021-05-19,141.98667907714844,37.169918060302734
2021-05-20,141.7399444580078,37.08135223388672
2021-05-21,143.35272216796875,37.55073928833008
2021-05-24,144.1282958984375,37.75443649291992
2021-05-25,142.63890075683594,37.20534133911133
2021-05-26,142.62127685546875,37.23191452026367
2021-05-27,144.84214782714844,37.68358612060547
2021-05-28,144.74520874023438,37.54188537597656
2021-06-01,146.3404083251953,38.01126480102539
2021-06-02,146.3491668701172,38.02898406982422
2021-06-03,146.44613647460938,38.464759826660156
2021-06-04,146.68405151367188,38.48255920410156
2021-06-07,145.9966583251953,38.349159240722656
2021-06-08,145.41500854492188,38.135704040527344
2021-06-09,143.59951782226562,37.63766860961914
2021-06-10,141.3610076904297,37.07736587524414
2021-06-11,141.2640380859375,37.22854995727539
2021-06-14,138.86692810058594,36.78388214111328
2021-06-15,136.76055908203125,36.81056594848633
2021-06-16,137.72122192382812,37.01512145996094
2021-06-17,133.74652099609375,35.39647674560547
2021-06-18,130.3623504638672,34.48932647705078
2021-06-21,132.57440185546875,35.352012634277344
2021-06-22,132.3805389404297,35.54766845703125
2021-06-23,133.18252563476562,35.752220153808594
2021-06-24,134.40753173828125,36.31251907348633
2021-06-25,135.76473999023438,37.01512145996094
2021-06-28,136.01150512695312,36.96174621582031
2021-06-29,135.8440399169922,36.36588668823242
2021-06-30,137.07781982421875,36.66826248168945
2021-07-01,138.43504333496094,36.943965911865234
2021-07-02,138.30209350585938,36.597103118896484
2021-07-06,135.9797821044922,35.6366081237793
2021-07-07,136.1393280029297,35.352012634277344
2021-07-08,133.79043579101562,34.48932647705078
2021-07-09,138.0717010498047,35.60993194580078
2021-07-12,140.04827880859375,36.13465118408203
2021-07-13,137.96527099609375,35.4498405456543
2021-07-14,137.4954833984375,34.560482025146484
2021-07-15,137.79690551757812,34.53379821777344
2021-07-16,134.65023803710938,33.724483489990234
2021-07-19,130.27149963378906,32.84401321411133
2021-07-20,132.70016479492188,33.51993179321289
2021-07-21,135.49229431152344,34.204742431640625
2021-07-22,133.78155517578125,33.76005554199219
2021-07-23,133.5245361328125,33.52882766723633
2021-07-26,134.4197540283203,33.9112548828125
2021-07-27,134.24249267578125,33.77783966064453
2021-07-28,134.4640350341797,33.9112548828125
2021-07-29,135.6163787841797,34.400394439697266
2021-07-30,134.5349884033203,34.11581039428711
2021-08-02,133.99432373046875,33.76005554199219
2021-08-03,135.5188751220703,34.28478240966797
2021-08-04,134.05636596679688,34.03575897216797
2021-08-05,135.74932861328125,34.702789306640625
2021-08-06,139.6051025390625,35.707759857177734
2021-08-09,139.4544219970703,36.170223236083984
2021-08-10,141.1651153564453,36.84613037109375
2021-08-11,142.84925842285156,37.30860137939453
2021-08-12,143.40765380859375,37.486473083496094
2021-08-13,141.80331420898438,37.024009704589844
2021-08-16,140.8726043701172,36.72163009643555
2021-08-17,139.17076110839844,36.54375457763672
2021-08-18,137.9032440185547,36.27695083618164
2021-08-19,136.7509765625,35.74332809448242
2021-08-20,137.14096069335938,35.90340805053711
2021-08-23,138.89596557617188,36.3836784362793
2021-08-24,139.7557830810547,36.89060592651367
2021-08-25,142.63650512695312,37.486473083496094
2021-08-26,143.3721923828125,37.388641357421875
2021-08-27,144.5244903564453,37.78886032104492
2021-08-30,142.2110595703125,37.05068588256836
2021-08-31,141.7767333984375,37.1307258605957
2021-09-01,141.5728759765625,36.63269805908203
2021-09-02,142.2288055419922,36.66844940185547
2021-09-03,141.36903381347656,36.69526672363281
2021-09-07,141.12081909179688,36.93661880493164
2021-09-08,140.4915008544922,36.45390701293945
2021-09-09,141.1030731201172,36.58799362182617
2021-09-10,139.4810028076172,35.998008728027344
2021-09-13,141.6969451904297,36.5969352722168
2021-09-14,139.2239532470703,35.61362838745117
2021-09-15,140.19007873535156,35.88180160522461
2021-09-16,140.12806701660156,36.15891647338867
2021-09-17,139.76461791992188,36.20360565185547
2021-09-20,135.5809326171875,34.96106719970703
2021-09-21,135.59864807128906,34.978946685791016
2021-09-22,138.19577026367188,35.88180160522461
2021-09-23,142.86700439453125,37.26736831665039
2021-09-24,144.51564025878906,37.66962814331055
2021-09-27,148.0080108642578,38.67081832885742
2021-09-28,147.21022033691406,38.5814208984375
2021-09-29,147.09498596191406,38.50096893310547
2021-09-30,145.09176635742188,37.94675064086914
2021-10-01,148.1409912109375,38.50991439819336
2021-10-04,147.98138427734375,38.74233627319336
2021-10-05,150.39796447753906,39.52897262573242
2021-10-06,150.71900939941406,39.5468635559082
2021-10-07,151.67311096191406,39.43959045410156
2021-10-08,151.78904724121094,39.63624954223633
2021-10-11,148.59669494628906,39.13565444946289
2021-10-12,147.45526123046875,38.921119689941406
2021-10-13,143.5673370361328,38.56354904174805
2021-10-14,145.7698974609375,40.28881072998047
2021-10-15,148.56996154785156,41.450897216796875
2021-10-18,148.5164337158203,41.370445251464844
2021-10-19,150.3177490234375,41.54922866821289
2021-10-20,152.34193420410156,42.094520568847656
2021-10-21,151.14700317382812,41.862098693847656
2021-10-22,153.18011474609375,42.52360153198242
2021-10-25,152.43109130859375,42.4699592590332
2021-10-26,152.84127807617188,42.872222900390625
2021-10-27,149.65782165527344,42.04982376098633
2021-10-28,151.91387939453125,42.71131896972656
2021-10-29,151.4947967529297,42.71131896972656
2021-11-01,151.41452026367188,42.773895263671875
2021-11-02,152.01199340820312,42.80071258544922
2021-11-03,152.06549072265625,43.238731384277344
2021-11-04,150.06800842285156,42.30906295776367
2021-11-05,149.85400390625,41.987247467041016
2021-11-08,150.75466918945312,42.317996978759766
2021-11-09,149.6132354736328,41.90679168701172
2021-11-10,149.47056579589844,42.219661712646484
2021-11-11,149.461669921875,42.45209503173828
2021-11-12,148.79286193847656,41.93360900878906
2021-11-15,148.5253448486328,42.05876541137695
2021-11-16,147.45526123046875,42.08557891845703
2021-11-17,146.66160583496094,41.576045989990234
2021-11-18,145.39537048339844,41.40620040893555
2021-11-19,143.4960174560547,40.58380126953125
2021-11-22,146.55465698242188,41.370445251464844
2021-11-23,150.05911254882812,42.46102523803711
2021-11-24,148.88201904296875,42.57722854614258
2021-11-26,144.39666748046875,40.90562438964844
2021-11-29,143.7724609375,40.75364685058594
2021-11-30,141.63230895996094,39.7524528503418
2021-12-01,140.7941131591797,39.189292907714844
2021-12-02,143.75466918945312,40.321048736572266
2021-12-03,141.1508026123047,39.40486526489258
2021-12-06,142.81832885742188,39.656368255615234
2021-12-07,144.96739196777344,40.15937042236328
2021-12-08,143.30874633789062,39.66534423828125
2021-12-09,143.08584594726562,39.96175765991211
2021-12-10,142.51512145996094,39.98870086669922
2021-12-13,140.82083129882812,39.144378662109375
2021-12-14,141.89988708496094,39.63840103149414
2021-12-15,140.83872985839844,39.467735290527344
2021-12-16,143.041259765625,40.41984939575195
2021-12-17,139.78646850585938,39.41383743286133
2021-12-20,137.27182006835938,38.767120361328125
2021-12-21,139.1890106201172,39.692291259765625
2021-12-22,139.7329559326172,39.77313232421875
2021-12-23,140.23231506347656,39.89888000488281
2021-12-27,141.0348663330078,40.09648895263672
2021-12-28,141.46287536621094,40.150390625
2021-12-29,141.3915557861328,40.08750534057617
2021-12-30,141.32020568847656,39.99768829345703
2021-12-31,141.2042999267578,39.96175765991211
2022-01-03,144.19158935546875,41.47975158691406
2022-01-04,149.65782165527344,43.105525970458984
2022-01-05,146.92178344726562,42.37797546386719
2022-01-06,148.48268127441406,43.23126983642578
2022-01-07,149.95388793945312,44.17439651489258
2022-01-10,150.09742736816406,43.949851989746094
2022-01-11,150.2499237060547,44.20134735107422
2022-01-12,151.10211181640625,43.8869743347168
2022-01-13,150.91372680664062,43.79714584350586
2022-01-14,141.6380615234375,43.03367233276367
2022-01-18,135.69947814941406,41.55160140991211
2022-01-19,133.60032653808594,41.71328353881836
2022-01-20,132.4610595703125,41.09352111816406
2022-01-21,130.14662170410156,40.34799575805664
2022-01-24,130.02999877929688,40.01565170288086
2022-01-25,131.44732666015625,40.806087493896484
2022-01-26,132.69427490234375,41.22825241088867
2022-01-27,130.3529510498047,40.842018127441406
2022-01-28,131.51910400390625,41.20130920410156
2022-01-31,133.3043212890625,41.44382095336914
2022-02-01,135.591796875,42.162391662597656
2022-02-02,134.50636291503906,42.11748504638672
2022-02-03,133.39398193359375,41.70429992675781
2022-02-04,136.856689453125,43.366004943847656
2022-02-07,137.314208984375,43.57259750366211
2022-02-08,139.8977508544922,44.35405349731445
2022-02-09,140.48085021972656,44.26422119140625
2022-02-10,139.8977508544922,44.0576286315918
2022-02-11,138.07669067382812,43.04264831542969
2022-02-14,136.7938995361328,42.59354019165039
2022-02-15,138.79437255859375,42.92588424682617
2022-02-16,139.0455322265625,42.82706832885742
2022-02-17,135.84298706054688,41.38093948364258
2022-02-18,136.4799346923828,41.282142639160156
2022-02-22,136.2377166748047,40.92285919189453
2022-02-23,133.38504028320312,40.222232818603516
2022-02-24,129.67115783691406,39.16233825683594
2022-02-25,132.73915100097656,40.43781280517578
2022-02-28,127.2042236328125,39.70126724243164
2022-03-01,122.40492248535156,38.147361755371094
2022-03-02,124.94361114501953,38.767120361328125
2022-03-03,124.05548858642578,38.3519287109375
2022-03-04,120.56591796875,36.96189880371094
2022-03-07,115.91017150878906,34.60609436035156
2022-03-08,115.09381866455078,34.83173751831055
2022-03-09,119.70475006103516,37.043128967285156
2022-03-10,118.28738403320312,36.70916748046875
2022-03-11,115.62310028076172,36.402286529541016
2022-03-14,116.77132415771484,37.18755340576172
2022-03-15,118.84355163574219,37.45834732055664
2022-03-16,124.1541976928711,38.631736755371094
2022-03-17,125.72406768798828,38.83933639526367
2022-03-18,125.67924499511719,38.72199630737305
2022-03-21,125.27555084228516,38.6678352355957
2022-03-22,127.93983459472656,39.87733840942383
2022-03-23,125.39215850830078,38.893497467041016
2022-03-24,126.20845794677734,38.87543487548828
2022-03-25,127.3118667602539,39.471160888671875
2022-03-28,126.36995697021484,39.30868911743164
2022-03-29,126.64801788330078,39.209407806396484
2022-03-30,126.07388305664062,38.812255859375
2022-03-31,122.28828430175781,37.20561218261719
2022-04-01,121.38224792480469,36.916786193847656
2022-04-04,121.92049407958984,36.85359191894531
2022-04-05,120.50166320800781,36.23078918457031
2022-04-06,118.82980346679688,35.833648681640625
2022-04-07,118.46827697753906,35.553829193115234
2022-04-08,120.6372299194336,35.80656814575195
2022-04-11,120.19441223144531,35.734352111816406
2022-04-12,118.8749771118164,35.355255126953125
2022-04-13,115.043212890625,35.039337158203125
2022-04-14,113.97684478759766,33.91108322143555
2022-04-18,116.09153747558594,35.06641387939453
2022-04-19,118.49541473388672,35.716304779052734
2022-04-20,118.91112518310547,35.79753875732422
2022-04-21,117.98934173583984,35.120582580566406
2022-04-22,114.60038757324219,33.90205383300781
2022-04-25,114.56425476074219,33.658348083496094
2022-04-26,111.17529296875,32.90016555786133
2022-04-27,109.7293472290039,32.719635009765625
2022-04-28,111.4645004272461,33.22510528564453
2022-04-29,107.86770629882812,32.20514678955078
2022-05-02,108.85274505615234,32.62034606933594
2022-05-03,111.18433380126953,33.5139274597168
2022-05-04,114.86247253417969,34.858821868896484
2022-05-05,111.9886474609375,33.88401794433594
2022-05-06,111.80790710449219,33.80276870727539
2022-05-09,110.12699890136719,32.82794952392578
2022-05-10,107.44296264648438,32.277347564697266
2022-05-11,106.76516723632812,32.10585403442383
2022-05-12,106.6748046875,31.654552459716797
2022-05-13,107.62368774414062,31.74481773376465
2022-05-16,106.87361145019531,31.41987419128418
2022-05-17,110.41619110107422,32.48495864868164
2022-05-18,108.52742004394531,31.483062744140625
2022-05-19,106.91879272460938,31.094942092895508
2022-05-20,106.04219055175781,30.562389373779297
2022-05-23,112.60316467285156,32.37664794921875
2022-05-24,114.19371032714844,32.17806625366211
2022-05-25,114.9889907836914,32.34956741333008
2022-05-26,116.97718048095703,33.09873580932617
2022-05-27,118.63098907470703,33.41463851928711
2022-05-31,119.49851989746094,33.57712173461914
2022-06-01,117.40190887451172,33.09873580932617
2022-06-02,119.29068756103516,33.31660461425781
2022-06-03,117.62785339355469,32.85362243652344
2022-06-06,117.23925018310547,32.81730651855469
2022-06-07,117.54651641845703,32.99886703491211
2022-06-08,115.67581939697266,32.58127975463867
2022-06-09,113.24481964111328,31.32849884033203
2022-06-10,108.03941345214844,30.112035751342773
2022-06-13,104.82217407226562,29.068058013916016
2022-06-14,103.0780029296875,28.55968475341797
2022-06-15,104.29801940917969,29.095293045043945
2022-06-16,102.50865936279297,28.913732528686523
2022-06-17,102.14715576171875,28.977277755737305
2022-06-21,104.67756652832031,29.821535110473633
2022-06-22,104.09014892578125,29.594585418701172
2022-06-23,102.95147705078125,29.122528076171875
2022-06-24,106.02411651611328,29.331327438354492
2022-06-27,105.17460632324219,29.36763572692871
2022-06-28,104.66854095458984,29.28592872619629
2022-06-29,104.19860076904297,28.922809600830078
2022-06-30,101.7676010131836,28.260108947753906
2022-07-01,103.0689697265625,28.65046501159668
2022-07-05,102.67692565917969,28.35996437072754
2022-07-06,102.0113754272461,28.123933792114258
2022-07-07,104.59152221679688,28.922809600830078
2022-07-08,104.26329040527344,28.8592586517334
2022-07-11,102.8957290649414,28.55968475341797
2022-07-12,102.99600982666016,28.468902587890625
2022-07-13,102.02960968017578,27.996845245361328
2022-07-14,98.46481323242188,27.352296829223633
2022-07-15,102.977783203125,29.276853561401367
2022-07-18,101.92021179199219,29.28592872619629
2022-07-19,104.44564056396484,30.27544403076172
2022-07-20,104.42741394042969,30.28452491760254
2022-07-21,105.1385269165039,30.547788619995117
2022-07-22,104.62799072265625,30.348068237304688
2022-07-25,105.04737091064453,30.620412826538086
2022-07-26,103.40628814697266,30.00309944152832
2022-07-27,105.06560516357422,30.493314743041992
2022-07-28,104.67357635498047,30.24820899963379
2022-07-29,105.17501831054688,30.693038940429688
2022-08-01,104.12654113769531,30.60226058959961
2022-08-02,102.50370788574219,29.9940242767334
2022-08-03,103.57950592041016,30.538707733154297
2022-08-04,102.43988037109375,30.320837020874023
2022-08-05,105.5396957397461,30.82920265197754
2022-08-08,104.25419616699219,30.402536392211914
2022-08-09,105.19324493408203,30.792896270751953
2022-08-10,107.93748474121094,31.83687973022461
2022-08-11,109.53298950195312,32.59944534301758
2022-08-12,111.34728240966797,32.9534797668457
2022-08-15,111.64816284179688,32.908084869384766
2022-08-16,112.71485900878906,33.26213455200195
2022-08-17,111.76667785644531,33.05333709716797
2022-08-18,110.90055847167969,32.935325622558594
2022-08-19,108.15631103515625,32.209075927734375
2022-08-22,106.36935424804688,31.519132614135742
2022-08-23,105.32087707519531,31.237722396850586
2022-08-24,105.576171875,31.33757781982422
2022-08-25,108.08338165283203,31.900421142578125
2022-08-26,104.54592895507812,30.89275550842285
2022-08-29,104.29066467285156,30.77474021911621
2022-08-30,104.30887603759766,30.947227478027344
2022-08-31,103.68892669677734,30.511474609375
2022-09-01,104.40005493164062,30.584577560424805
2022-09-02,103.67070007324219,30.54802703857422
2022-09-06,103.69805145263672,30.209922790527344
2022-09-07,105.66732788085938,30.675954818725586
2022-09-08,108.12896728515625,31.66285514831543
2022-09-09,108.64862823486328,31.927846908569336
2022-09-12,109.93414306640625,32.22940444946289
2022-09-13,106.11408233642578,31.068885803222656
2022-09-14,105.867919921875,30.950092315673828
2022-09-15,107.46341705322266,31.534915924072266
2022-09-16,106.74315643310547,31.17853546142578
2022-09-19,107.72781372070312,31.699398040771484
2022-09-20,105.60353088378906,31.224227905273438
2022-09-21,102.55839538574219,30.29216957092285
2022-09-22,101.39139556884766,29.698198318481445
2022-09-23,99.50415802001953,28.994579315185547
2022-09-26,97.36164855957031,28.35492706298828
2022-09-27,96.504638671875,27.934581756591797
2022-09-28,98.45570373535156,28.391481399536133
2022-09-29,96.7872543334961,28.016826629638672
2022-09-30,95.27381896972656,27.596481323242188
2022-10-03,98.2186508178711,28.409757614135742
2022-10-04,102.81367492675781,29.588546752929688
2022-10-05,101.54425811767578,29.168203353881836
2022-10-06,99.47456359863281,28.74785804748535
2022-10-07,97.48766326904297,28.099063873291016
2022-10-10,96.57696533203125,28.016826629638672
2022-10-11,93.78976440429688,27.20355224609375
2022-10-12,95.30755615234375,27.285795211791992
2022-10-13,100.60600280761719,28.958030700683594
2022-10-14,102.2801742553711,28.967166900634766
2022-10-17,106.575927734375,30.721641540527344
2022-10-18,109.31714630126953,31.873023986816406
2022-10-19,107.17384338378906,30.99578285217285
2022-10-20,106.82431030273438,30.79475212097168
2022-10-21,112.43550872802734,31.936986923217773
2022-10-24,112.57347869873047,32.04664611816406
2022-10-25,112.86783599853516,32.33905792236328
2022-10-26,114.16485595703125,32.6223258972168
2022-10-27,114.61560821533203,32.77767562866211
2022-10-28,115.97700500488281,33.060951232910156
2022-10-31,115.79300689697266,32.93302536010742
2022-11-01,117.88111114501953,33.07923126220703
2022-11-02,116.7956771850586,32.97871017456055
2022-11-03,117.00724029541016,32.79595184326172
2022-11-04,120.2083969116211,33.61836624145508
2022-11-07,120.84310913085938,33.81939697265625
2022-11-08,120.91668701171875,33.9107780456543
2022-11-09,119.3437271118164,33.37164306640625
2022-11-10,124.25582122802734,34.842838287353516
2022-11-11,124.45821380615234,35.09870910644531
2022-11-14,123.17955017089844,34.504737854003906
2022-11-15,122.28730010986328,34.44991683959961
2022-11-16,122.45287322998047,34.13922882080078
2022-11-17,121.9193344116211,33.96560287475586
2022-11-18,123.11518859863281,33.98387908935547
2022-11-21,122.38848114013672,34.093544006347656
2022-11-22,124.21897888183594,34.25801467895508
2022-11-23,125.54363250732422,34.36766815185547
2022-11-25,125.78277587890625,34.44991683959961
2022-11-28,123.58430480957031,33.68233108520508
2022-11-29,125.61721801757812,33.81025695800781
2022-11-30,127.10739135742188,34.586978912353516
2022-12-01,125.32286834716797,33.59431838989258
2022-12-02,124.32942199707031,33.162322998046875
2022-12-05,120.84310913085938,31.682525634765625
2022-12-06,121.04547882080078,30.33139419555664
2022-12-07,120.96269226074219,30.092422485351562
2022-12-08,122.2320785522461,29.81667709350586
2022-12-09,121.5698013305664,29.761531829833984
2022-12-12,123.45552062988281,30.08323097229004
2022-12-13,123.3359603881836,30.101606369018555
2022-12-14,122.71963500976562,29.669618606567383
2022-12-15,119.67487335205078,29.20086097717285
2022-12-16,118.92977142333984,29.13652229309082
2022-12-19,119.63807678222656,29.467411041259766
2022-12-20,120.21759796142578,29.586898803710938
2022-12-21,121.5698013305664,30.037273406982422
2022-12-22,120.19000244140625,29.770723342895508
2022-12-23,120.76030731201172,29.844257354736328
2022-12-27,121.18346405029297,29.899398803710938
2022-12-28,121.84577178955078,30.119993209838867
2022-12-29,122.54485321044922,30.460079193115234
2022-12-30,123.35433959960938,30.44169044494629
2023-01-03,124.29257202148438,30.800146102905273
2023-01-04,125.45165252685547,31.379207611083984
2023-01-05,125.42385864257812,31.314868927001953
2023-01-06,127.8238754272461,31.62737464904785
2023-01-09,127.29569244384766,31.14942169189453
2023-01-10,128.4355010986328,31.360815048217773
2023-01-11,129.3899688720703,31.59980010986328
2023-01-12,129.2602081298828,31.682525634765625
2023-01-13,132.52207946777344,32.381065368652344
2023-01-17,130.47415161132812,31.728469848632812
2023-01-18,126.55438232421875,30.993175506591797
2023-01-19,124.86785125732422,30.54279136657715
2023-01-20,125.17363739013672,31.112655639648438
2023-01-23,127.20303344726562,31.544649124145508
2023-01-24,128.2965087890625,31.774431228637695
2023-01-25,128.9173583984375,32.05017852783203
2023-01-26,129.71429443359375,32.482173919677734
2023-01-27,130.0293426513672,32.58327102661133
2023-01-30,128.92662048339844,32.445404052734375
2023-01-31,129.6957550048828,32.610843658447266
2023-02-01,129.3528594970703,33.015262603759766
2023-02-02,128.7505645751953,33.20827865600586
2023-02-03,130.74290466308594,33.48402404785156
2023-02-06,131.5120086669922,33.42887496948242
2023-02-07,133.11514282226562,33.79652404785156
2023-02-08,132.17921447753906,33.548362731933594
2023-02-09,130.1220245361328,32.83143615722656
2023-02-10,130.696533203125,32.7027587890625
2023-02-13,132.1143341064453,32.76709747314453
2023-02-14,132.69813537597656,32.73952102661133
2023-02-15,133.25411987304688,32.68437194824219
2023-02-16,131.41934204101562,32.42701721191406
2023-02-17,131.80853271484375,32.49135971069336
2023-02-21,129.3899688720703,31.728469848632812
2023-02-22,128.39842224121094,31.517080307006836
2023-02-23,129.4270477294922,31.489498138427734
2023-02-24,130.59463500976562,31.443546295166016
2023-02-27,131.7344207763672,31.443546295166016
2023-02-28,132.83714294433594,31.526262283325195
2023-03-01,132.09579467773438,31.379207611083984
2023-03-02,130.724365234375,30.98141860961914
2023-03-03,133.12442016601562,31.601224899291992
2023-03-06,132.34600830078125,31.536476135253906
2023-03-07,128.45401000976562,30.528118133544922
2023-03-08,127.69418334960938,30.12108039855957
2023-03-09,120.7812728881836,28.25238800048828
2023-03-10,123.84852600097656,28.002613067626953
2023-03-13,121.62451171875,26.37444496154785
2023-03-14,124.74737548828125,26.605716705322266
2023-03-15,118.85379791259766,26.35594367980957
2023-03-16,121.16117095947266,26.799985885620117
2023-03-17,116.58346557617188,25.736125946044922
2023-03-20,117.81593322753906,25.671371459960938
2023-03-21,120.97586059570312,26.448450088500977
2023-03-22,117.8530044555664,25.569610595703125
2023-03-23,117.53793334960938,24.94980239868164
2023-03-24,115.74948120117188,25.10706329345703
2023-03-27,119.06693267822266,26.35594367980957
2023-03-28,119.42833709716797,26.013656616210938
2023-03-29,119.66926574707031,26.522459030151367
2023-03-30,119.307861328125,26.180171966552734
2023-03-31,120.75346374511719,26.457700729370117
2023-04-03,120.61445617675781,26.448450088500977
2023-04-04,119.00206756591797,25.884145736694336
2023-04-05,119.17951202392578,25.569610595703125
2023-04-06,119.04875946044922,25.75463104248047
2023-04-10,119.44100952148438,25.847143173217773
2023-04-11,120.02938842773438,26.55946159362793
2023-04-12,120.0107192993164,26.346691131591797
2023-04-13,120.46835327148438,26.420696258544922
2023-04-14,129.56484985351562,27.308792114257812
2023-04-17,130.5922393798828,28.095123291015625
2023-04-18,132.05848693847656,28.270889282226562
2023-04-19,131.89039611816406,27.80834197998047
2023-04-20,131.5074462890625,27.660327911376953
2023-04-21,131.25527954101562,27.63257598876953
2023-04-24,131.43275451660156,27.530813217163086
2023-04-25,128.57485961914062,26.679723739624023
2023-04-26,126.29608154296875,26.309688568115234
2023-04-27,127.99586486816406,26.725982666015625
2023-04-28,129.10723876953125,27.086767196655273
2023-05-01,131.87168884277344,26.864744186401367
2023-05-02,129.7423095703125,26.050657272338867
2023-05-03,126.99654388427734,25.77313232421875
2023-05-04,125.25943756103516,24.96830177307129
2023-05-05,127.7063217163086,25.634368896484375
2023-05-08,128.01454162597656,25.615863800048828
2023-05-09,127.3981704711914,25.58811378479004
2023-05-10,127.46350860595703,25.273578643798828
2023-05-11,127.06193542480469,25.338340759277344
2023-05-12,125.2407455444336,25.060806274414062
2023-05-15,126.29608154296875,25.5788631439209
2023-05-16,125.44622802734375,25.310583114624023
2023-05-17,129.30337524414062,26.429948806762695
2023-05-18,130.2840118408203,26.33744239807129
2023-05-19,129.9851531982422,26.004405975341797
2023-05-22,128.91111755371094,26.217178344726562
2023-05-23,127.56622314453125,26.439197540283203
2023-05-24,126.3988265991211,25.995155334472656
2023-05-25,126.70703125,26.05990982055664
2023-05-26,127.89312744140625,26.189424514770508
2023-05-30,128.3787841796875,26.143173217773438
2023-05-31,126.74437713623047,25.708375930786133
2023-06-01,128.4908905029297,25.904197692871094
2023-06-02,131.18991088867188,26.771398544311523
2023-06-05,129.9010772705078,26.61288070678711
2023-06-06,130.13458251953125,27.25628662109375
2023-06-07,131.39535522460938,27.489404678344727
2023-06-08,131.43275451660156,27.25628662109375
2023-06-09,131.69424438476562,27.293588638305664
2023-06-12,131.6849365234375,27.16303825378418
2023-06-13,132.6374969482422,27.41480827331543
2023-06-14,132.14254760742188,27.15371322631836
2023-06-15,133.63682556152344,27.38683319091797
2023-06-16,133.7956085205078,27.218984603881836
2023-06-20,133.1138458251953,26.92060089111328
2023-06-21,132.91770935058594,26.640851974487305
2023-06-22,130.35873413085938,26.07204246520996
2023-06-23,129.67694091796875,25.876220703125
2023-06-26,129.99447631835938,26.19326400756836
2023-06-27,130.0038299560547,26.33313751220703
2023-06-28,129.43414306640625,26.17461585998535
2023-06-29,133.954345703125,26.724777221679688
2023-06-30,135.83157348632812,26.752750396728516
2023-07-03,136.92430114746094,27.228309631347656
2023-07-05,136.0121307373047,27.116418838500977
2023-07-06,134.66741943359375,26.370431900024414
2023-07-07,135.73004150390625,26.603553771972656
2023-07-10,136.49171447753906,26.724777221679688
2023-07-11,138.62631225585938,27.060466766357422
2023-07-12,139.31275939941406,27.377511978149414
2023-07-13,139.9898223876953,27.666574478149414
2023-07-14,140.83616638183594,27.144386291503906
2023-07-17,144.23081970214844,27.41480827331543
2023-07-18,144.49407958984375,28.627023696899414
2023-07-19,145.04888916015625,29.400983810424805
2023-07-20,146.8355712890625,29.550180435180664
2023-07-21,145.7071533203125,29.82059669494629
2023-07-24,148.5752410888672,30.44536018371582
2023-07-25,147.4656219482422,29.979116439819336
2023-07-26,148.34950256347656,30.221561431884766
2023-07-27,146.71331787109375,29.792619705200195
2023-07-28,147.5502471923828,29.746000289916992
2023-07-31,148.53759765625,29.839248657226562
2023-08-01,147.8041534423828,29.484907150268555
2023-08-02,146.13027954101562,29.083938598632812
2023-08-03,147.0236358642578,29.289085388183594
2023-08-04,146.71331787109375,29.186513900756836
2023-08-07,147.40916442871094,29.72735023498535
2023-08-08,146.5816650390625,29.158540725708008
2023-08-09,144.6163330078125,28.776222229003906
2023-08-10,144.40005493164062,28.850820541381836
2023-08-11,145.23695373535156,29.17719268798828
2023-08-14,145.53787231445312,28.84149932861328
2023-08-15,141.83290100097656,27.918344497680664
2023-08-16,141.2310791015625,27.312238693237305
2023-08-17,139.76412963867188,27.30291175842285
2023-08-18,140.08384704589844,27.144386291503906
2023-08-21,140.5634307861328,27.18168830871582
2023-08-22,137.64834594726562,26.51963233947754
2023-08-23,138.57928466796875,26.528959274291992
2023-08-24,138.44761657714844,26.687477111816406
2023-08-25,138.2783966064453,26.575580596923828
2023-08-28,138.75796508789062,26.818021774291992
2023-08-29,139.88636779785156,27.20033836364746
2023-08-30,139.32217407226562,27.079116821289062
2023-08-31,137.60133361816406,26.956884384155273
2023-09-01,138.06210327148438,27.248361587524414
2023-09-05,136.5387420654297,26.938077926635742
2023-09-06,136.3130645751953,26.693613052368164
2023-09-07,135.14703369140625,26.44915008544922
2023-09-08,135.2504425048828,26.6654109954834
2023-09-11,135.84286499023438,26.778236389160156
2023-09-12,137.6107177734375,27.23895835876465
2023-09-13,137.67657470703125,27.154335021972656
2023-09-14,140.34716796875,27.45521354675293
2023-09-15,139.93341064453125,27.11672592163086
2023-09-18,140.22491455078125,27.041505813598633
2023-09-19,140.04624938964844,26.938077926635742
2023-09-20,139.45382690429688,26.84405517578125
2023-09-21,138.36300659179688,26.37393569946289
2023-09-22,137.03712463378906,25.988428115844727
2023-09-25,137.71417236328125,25.950820922851562
2023-09-26,136.28485107421875,25.546512603759766
2023-09-27,137.08413696289062,25.64053726196289
2023-09-28,138.7861785888672,25.9132080078125
2023-09-29,136.36947631835938,25.74396514892578
2023-10-02,135.19403076171875,25.104598999023438
2023-10-03,134.197265625,24.36180305480957
2023-10-04,134.7991180419922,24.390010833740234
2023-10-05,135.3674774169922,24.502838134765625
2023-10-06,137.4514923095703,24.51224136352539
2023-10-09,137.138916015625,24.737899780273438
2023-10-10,137.97250366210938,25.396076202392578
2023-10-11,138.44615173339844,25.405479431152344
2023-10-12,138.12408447265625,25.292646408081055
2023-10-13,140.1986541748047,25.1610107421875
2023-10-16,140.0565643310547,25.377269744873047
2023-10-17,139.75338745117188,25.969627380371094
2023-10-18,138.21881103515625,25.67814826965332
2023-10-19,137.6314697265625,25.349061965942383
2023-10-20,135.41481018066406,24.737899780273438
2023-10-23,133.56764221191406,24.042118072509766
2023-10-24,133.72865295410156,23.948091506958008
2023-10-25,132.9992218017578,24.023311614990234
2023-10-26,133.34027099609375,24.55925750732422
2023-10-27,128.53753662109375,23.6660213470459
2023-10-30,130.17633056640625,24.154949188232422
2023-10-31,131.72988891601562,24.7661075592041
2023-11-01,131.61622619628906,24.82252311706543
2023-11-02,133.96551513671875,25.969627380371094
2023-11-03,135.4622039794922,26.72182273864746
2023-11-06,136.4852752685547,26.6372013092041
2023-11-07,136.4189453125,26.47735595703125
2023-11-08,137.09153747558594,26.223493576049805
2023-11-09,136.68418884277344,25.88500213623047
2023-11-10,138.71136474609375,26.02604103088379
2023-11-13,138.0956573486328,26.04484748840332
2023-11-14,140.615478515625,27.474018096923828
2023-11-15,141.846923828125,27.850120544433594
2023-11-16,143.46678161621094,27.774900436401367
2023-11-17,144.76458740234375,28.188608169555664
2023-11-20,145.20977783203125,28.21681785583496
2023-11-21,144.9066619873047,27.887727737426758
2023-11-22,145.24771118164062,27.859521865844727
2023-11-24,145.4466094970703,27.95354652404785
2023-11-27,145.1150665283203,27.793703079223633
2023-11-28,145.4466094970703,27.765501022338867
2023-11-29,146.1855010986328,28.498889923095703
2023-11-30,147.8527374267578,28.896944046020508
2023-12-01,148.5726776123047,29.34238624572754
2023-12-04,149.66207885742188,29.209705352783203
2023-12-05,149.6431121826172,28.982242584228516
2023-12-06,148.07061767578125,28.934856414794922
2023-12-07,148.52529907226562,29.05806541442871
2023-12-08,150.1641082763672,29.34238624572754
2023-12-11,150.7135467529297,29.238136291503906
2023-12-12,152.0587158203125,29.133882522583008
2023-12-13,152.57022094726562,30.3659610748291
2023-12-14,155.34580993652344,32.16668701171875
2023-12-15,156.52041625976562,31.844449996948242
2023-12-18,157.46768188476562,31.683338165283203
2023-12-19,159.57066345214844,31.75914764404297
2023-12-20,157.77081298828125,31.25684356689453
2023-12-21,158.67076110839844,31.46535301208496
2023-12-22,158.57601928710938,31.683338165283203
2023-12-26,159.51382446289062,32.09086990356445
2023-12-27,160.47059631347656,32.0719108581543
2023-12-28,161.3231658935547,32.10982131958008
2023-12-29,161.13372802734375,31.91079330444336
2024-01-02,163.00933837890625,32.128780364990234
2024-01-03,162.2988739013672,31.778106689453125
2024-01-04,163.3759307861328,32.034000396728516
2024-01-05,164.19557189941406,32.6310920715332
2024-01-08,163.9573211669922,32.37519454956055
2024-01-09,162.6610565185547,31.87289047241211
2024-01-10,163.00418090820312,31.844449996948242
2024-01-11,162.3179473876953,31.417970657348633
2024-01-12,161.1265411376953,31.086252212524414
2024-01-16,160.11622619628906,30.44178009033203
2024-01-17,159.25840759277344,30.13849639892578
2024-01-18,159.5729217529297,30.07215690612793
2024-01-19,162.3274688720703,30.536556243896484
2024-01-22,162.1368408203125,30.849313735961914
2024-01-23,161.0693359375,31.057819366455078
2024-01-24,162.508544921875,31.25684356689453
2024-01-25,164.83421325683594,31.645423889160156
2024-01-26,164.20510864257812,31.683338165283203
2024-01-29,164.63404846191406,31.85392951965332
2024-01-30,168.0081329345703,32.97227478027344
2024-01-31,166.18765258789062,32.2330322265625
2024-02-01,165.587158203125,31.797060012817383
2024-02-02,166.54029846191406,31.721242904663086
2024-02-05,166.32107543945312,31.266326904296875
2024-02-06,166.89295959472656,31.3137149810791
2024-02-07,167.2074737548828,31.446401596069336
2024-02-08,166.60704040527344,31.38953399658203
2024-02-09,166.8071746826172,31.342145919799805
2024-02-12,167.5506134033203,31.863405227661133
2024-02-13,166.09231567382812,31.038862228393555
2024-02-14,167.77935791015625,31.399011611938477
2024-02-15,171.4393768310547,32.28990173339844
2024-02-16,170.63873291015625,32.30885696411133
2024-02-20,171.30593872070312,32.18564224243164
2024-02-21,172.42108154296875,31.93922996520996
2024-02-22,174.48941040039062,31.85392951965332
2024-02-23,175.36627197265625,32.14773178100586
2024-02-26,174.7658233642578,31.85392951965332
2024-02-27,174.85157775878906,32.488929748535156
2024-02-28,175.73800659179688,32.517356872558594
2024-02-29,177.33924865722656,32.94684982299805
2024-03-01,176.60531616210938,32.78459548950195
2024-03-04,177.93019104003906,33.54814147949219
2024-03-05,179.7125701904297,33.77720642089844
2024-03-06,180.64662170410156,33.80583190917969
2024-03-07,179.06439208984375,34.006263732910156
2024-03-08,179.3980255126953,33.977630615234375
2024-03-11,179.46470642089844,34.2544059753418
2024-03-12,180.94207763671875,34.32121658325195
2024-03-13,182.409912109375,34.435752868652344
2024-03-14,179.15972900390625,34.06352615356445
2024-03-15,181.38052368164062,33.796287536621094
2024-03-18,183.62991333007812,34.36894607543945
2024-03-19,184.70693969726562,34.38802719116211
2024-03-20,187.12789916992188,35.07522201538086
2024-03-21,189.72991943359375,35.80058670043945
2024-03-22,187.40428161621094,35.361549377441406
2024-03-25,185.68869018554688,35.180213928222656
2024-03-26,186.5559844970703,35.39973068237305
2024-03-27,190.1683807373047,36.086917877197266
2024-03-28,190.91183471679688,36.19190216064453
2024-04-01,189.61557006835938,35.81012725830078
2024-04-02,189.53932189941406,35.60015869140625
2024-04-03,189.00555419921875,35.7337760925293
2024-04-04,187.5675506591797,35.23746871948242
2024-04-05,189.29318237304688,35.41881561279297
2024-04-08,190.28060913085938,35.79104995727539
2024-04-09,189.0055694580078,36.01055908203125
2024-04-10,187.3949737548828,34.97978210449219
2024-04-11,187.3566131591797,34.69344711303711
2024-04-12,175.23876953125,34.158973693847656
2024-04-15,175.3346405029297,34.311683654785156
2024-04-16,173.3309783935547,33.09955596923828
2024-04-17,172.64073181152344,33.62449645996094
2024-04-18,173.7624053955078,34.1398811340332
2024-04-19,178.12445068359375,35.28519821166992
2024-04-22,181.58531188964844,36.01055908203125
2024-04-23,184.20254516601562,36.62139892578125
2024-04-24,185.1036834716797,36.57366943359375
2024-04-25,185.38169860839844,36.18235778808594
2024-04-26,185.4967498779297,36.10601043701172
2024-04-29,185.29542541503906,35.83876419067383
2024-04-30,183.8190460205078,35.32337188720703
2024-05-01,183.93411254882812,35.26610565185547
2024-05-02,183.7423553466797,35.19929885864258
2024-05-03,182.63986206054688,35.55243682861328
2024-05-06,184.06829833984375,35.97238540649414
2024-05-07,183.82862854003906,36.11555099487305
2024-05-08,187.5675506591797,35.99147033691406
2024-05-09,189.34107971191406,36.53549575805664
2024-05-10,190.5586395263672,36.697750091552734
2024-05-13,190.52027893066406,36.468685150146484
2024-05-14,193.1854248046875,36.735931396484375
2024-05-15,193.7606658935547,37.13678741455078
2024-05-16,194.1057891845703,37.43266296386719
2024-05-17,196.32994079589844,37.499473571777344
2024-05-20,187.5004119873047,37.05088806152344
2024-05-21,191.27764892578125,37.84306335449219
2024-05-22,190.1176300048828,37.94804763793945
2024-05-23,188.78504943847656,37.38493728637695
2024-05-24,192.4185028076172,37.89078903198242
2024-05-28,191.25848388671875,37.52810287475586
2024-05-29,189.9259033203125,36.9554443359375
2024-05-30,191.09552001953125,36.869544982910156
2024-05-31,194.2592010498047,38.167572021484375
2024-06-03,193.482666015625,38.06258010864258
2024-06-04,190.93252563476562,37.87169647216797
2024-06-05,189.1110076904297,38.13894271850586
2024-06-06,188.77545166015625,37.89078903198242
2024-06-07,191.68991088867188,38.19805908203125
2024-06-10,191.36392211914062,38.09243392944336
2024-06-11,186.33079528808594,37.31465148925781
2024-06-12,183.6177215576172,37.8427734375
2024-06-13,185.6597442626953,37.69873809814453
2024-06-14,185.77476501464844,37.67953109741211
2024-06-17,186.92520141601562,37.93879318237305
2024-06-18,188.86175537109375,38.39970779418945
2024-06-20,190.46275329589844,38.39970779418945
2024-06-21,188.19068908691406,37.919593811035156
2024-06-24,190.66409301757812,38.42851257324219
2024-06-25,189.88755798339844,37.81396484375
2024-06-26,189.27398681640625,37.44907760620117
2024-06-27,190.9420928955078,37.68913269042969
2024-06-28,193.9044647216797,38.18846130371094
2024-07-01,196.96267700195312,38.418907165527344
2024-07-02,200.20306396484375,39.30232620239258
2024-07-03,200.06886291503906,39.273521423339844
2024-07-05,197.41781616210938,38.803001403808594
2024-07-08,197.78414916992188,39.00465393066406
2024-07-09,200.1555938720703,39.77284240722656
2024-07-10,200.3194580078125,40.08012008666992
2024-07-11,199.9820556640625,40.147335052490234
2024-07-12,197.56243896484375,39.93608474731445
2024-07-15,202.48849487304688,40.224151611328125
2024-07-16,205.9299774169922,42.37507629394531
2024-07-17,209.06297302246094,42.23103713989258
2024-07-18,202.42098999023438,41.29960632324219
2024-07-19,202.2281951904297,41.19398880004883
2024-07-22,202.71018981933594,40.61784362792969
2024-07-23,202.75839233398438,40.72346878051758
2024-07-24,201.08102416992188,40.51221466064453
2024-07-25,201.15814208984375,40.02250289916992
2024-07-26,204.59963989257812,40.01289749145508
2024-07-29,203.2596893310547,39.45595932006836
2024-07-30,207.44345092773438,39.63840866088867
2024-07-31,205.1394805908203,38.70698547363281
2024-08-01,200.47372436523438,37.92919158935547
2024-08-02,191.97120666503906,36.08555221557617
2024-08-05,187.88385009765625,35.19253158569336
2024-08-06,193.12802124023438,35.451786041259766
2024-08-07,193.18585205078125,35.816680908203125
2024-08-08,196.714111328125,36.69049072265625
2024-08-09,198.3914794921875,36.75770568847656
2024-08-12,198.76744079589844,36.65208053588867
2024-08-13,200.45445251464844,36.93054962158203
2024-08-14,202.67164611816406,37.26663589477539
2024-08-15,203.9344940185547,37.477882385253906
2024-08-16,206.26736450195312,37.77555847167969
2024-08-19,207.69407653808594,38.09243392944336
2024-08-20,206.79757690429688,37.15140151977539
2024-08-21,206.87469482421875,37.20902633666992
2024-08-22,208.8316192626953,37.67953109741211
2024-08-23,210.45111083984375,38.18846130371094
2024-08-26,211.2801971435547,38.33249282836914
2024-08-27,212.2537841796875,38.09243392944336
2024-08-28,213.3238525390625,38.361297607421875
2024-08-29,214.21075439453125,38.572547912597656
2024-08-30,216.70748901367188,39.12948226928711
2024-09-03,212.36949157714844,39.08147430419922
2024-09-04,211.43441772460938,38.889427185058594
2024-09-05,209.7956085205078,38.54373550415039
2024-09-06,204.8117218017578,37.46126937866211
2024-09-09,209.00511169433594,38.147483825683594
2024-09-10,198.1601104736328,37.963844299316406
2024-09-11,199.76998901367188,37.69322967529297
2024-09-12,199.16268920898438,37.48059844970703
2024-09-13,196.96475219726562,37.35496139526367
2024-09-16,200.37730407714844,37.78987503051758
2024-09-17,201.71725463867188,38.22480392456055
2024-09-18,200.0592041015625,38.292457580566406
2024-09-19,202.90298461914062,39.500572204589844
2024-09-20,203.4910430908203,38.920677185058594
2024-09-23,203.8284454345703,38.53407669067383
2024-09-24,203.97303771972656,38.12815475463867
2024-09-25,202.62344360351562,37.93485641479492
2024-09-26,202.2281951904297,38.195804595947266
2024-09-27,202.9222869873047,38.07982635498047
2024-09-30,203.26931762695312,38.350440979003906
2024-10-01,199.58682250976562,37.905860900878906
2024-10-02,199.82785034179688,37.915523529052734
2024-10-03,197.84197998046875,37.93485641479492
2024-10-04,204.8641357421875,38.76604080200195
2024-10-07,204.58282470703125,38.621063232421875
2024-10-08,204.40826416015625,38.592071533203125
2024-10-09,206.99794006347656,38.84335708618164
2024-10-10,206.43536376953125,38.630733489990234
2024-10-11,215.60101318359375,40.54438400268555
2024-10-14,214.8153839111328,40.50572204589844
2024-10-15,215.69801330566406,40.72801971435547
2024-10-16,216.910400390625,41.365909576416016
2024-10-17,217.6669158935547,41.17259979248047
2024-10-18,218.58831787109375,40.9019889831543
2024-10-21,216.28965759277344,40.360748291015625
2024-10-22,217.37594604492188,40.882652282714844
2024-10-23,216.68731689453125,40.92131423950195
2024-10-24,218.21006774902344,41.2209358215332
2024-10-25,215.6204071044922,40.48639678955078
2024-10-28,218.71441650390625,41.19193649291992
2024-10-29,216.19265747070312,41.104949951171875
2024-10-30,217.65721130371094,40.89232635498047
2024-10-31,215.24215698242188,40.41874313354492
2024-11-01,216.23146057128906,40.360748291015625
2024-11-04,213.16653442382812,39.94516372680664
2024-11-05,214.8251190185547,40.47673034667969
2024-11-06,239.62562561035156,43.88844680786133
2024-11-07,229.2670440673828,43.269893646240234
2024-11-08,229.84896850585938,43.61783218383789
2024-11-11,232.08946228027344,44.53600311279297
2024-11-12,232.35134887695312,44.32337188720703
2024-11-13,233.90318298339844,44.33303451538086
2024-11-14,234.59182739257812,44.36203384399414
2024-11-15,237.92831420898438,45.18355941772461
2024-11-18,237.65675354003906,45.1545524597168
2024-11-19,235.77511596679688,44.854942321777344
2024-11-20,233.53460693359375,44.51667022705078
2024-11-21,237.39488220214844,44.90326690673828
2024-11-22,241.07081604003906,45.425174713134766
2024-11-25,242.75843811035156,45.90842056274414
2024-11-26,242.4480743408203,46.15004348754883
2024-11-27,242.2734832763672,46.169376373291016
2024-11-29,242.2056121826172,45.918087005615234
2024-12-02,238.8400115966797,45.46383285522461
2024-12-03,237.45306396484375,45.2512092590332
2024-12-04,236.07579040527344,44.8162841796875
2024-12-05,238.09320068359375,45.425174713134766
2024-12-06,239.91661071777344,45.43489456176758
2024-12-09,236.47344970703125,44.618526458740234
2024-12-10,235.55203247070312,44.4630241394043
2024-12-11,236.20187377929688,44.78374099731445
2024-12-12,234.26206970214844,44.78374099731445
2024-12-13,232.71990966796875,44.38527297973633
2024-12-16,232.37074279785156,44.19090270996094
2024-12-17,231.1874542236328,43.78271484375
2024-12-18,223.43785095214844,42.27631759643555
2024-12-19,225.94993591308594,42.15969467163086
2024-12-20,230.4503173828125,42.927467346191406
2024-12-23,231.216552734375,42.65534591674805
2024-12-24,235.01858520507812,43.131561279296875
2024-12-26,235.8236083984375,43.29677963256836
2024-12-27,233.9128875732422,43.09268569946289
2024-12-30,232.11859130859375,42.67478561401367
2024-12-31,232.496826171875,42.713661193847656
2025-01-02,232.77809143066406,43.044090270996094
2025-01-03,235.9593963623047,43.549468994140625
2025-01-06,234.80899047851562,44.12287139892578
2025-01-07,237.07078552246094,44.78374099731445
2025-01-08,237.0318145751953,44.91007995605469
2025-01-10,233.85354614257812,43.841026306152344
2025-01-13,238.084716796875,43.79243469238281
2025-01-14,241.26295471191406,44.49217987060547
2025-01-15,246.02053833007812,45.775047302246094
2025-01-16,247.89239501953125,45.32798767089844
2025-01-17,252.6597442626953,45.22108459472656
2025-01-21,256.43267822265625,45.3474235534668
2025-01-22,256.2474670410156,44.50189971923828
2025-01-23,259.2794494628906,45.085018157958984
2025-01-24,258.1972961425781,45.21136474609375
2025-01-27,259.1819152832031,45.76532745361328
2025-01-28,260.4396057128906,45.52235794067383
2025-01-29,259.8936462402344,45.43489456176758
2025-01-30,261.5022277832031,45.40573501586914
2025-01-31,260.5955810546875,44.99755096435547
2025-02-03,260.11785888671875,44.91007995605469
2025-02-04,261.21954345703125,45.396018981933594
2025-02-05,263.64703369140625,45.784767150878906
2025-02-06,269.9548034667969,46.39704895019531
2025-02-07,268.88238525390625,46.06660842895508
2025-02-10,264.2418212890625,45.35714340209961
2025-02-11,268.0926818847656,45.4737663269043
2025-02-12,268.5411682128906,44.91007995605469
2025-02-13,269.38934326171875,45.026710510253906
2025-02-14,269.65252685546875,45.638980865478516
2025-02-18,272.92828369140625,45.22108459472656
2025-02-19,272.245849609375,44.71570587158203
2025-02-20,260.10809326171875,44.02568054199219
2025-02-21,257.6123352050781,43.549468994140625
2025-02-24,254.78504943847656,43.20930862426758
2025-02-25,250.94386291503906,42.703941345214844
2025-02-26,252.29905700683594,42.703941345214844
2025-02-27,252.552490234375,42.878875732421875
2025-02-28,258.0120544433594,44.80317687988281
2025-03-03,254.08314514160156,44.27836990356445
2025-03-04,243.9732208251953,41.469661712646484
2025-03-05,245.22113037109375,41.10035705566406
2025-03-06,240.3562774658203,40.293704986572266
2025-03-07,236.203125,40.48931121826172
2025-03-10,226.39544677734375,38.95383834838867
2025-03-11,223.39271545410156,38.73868179321289
2025-03-12,222.1837921142578,39.032081604003906
2025-03-13,219.54177856445312,38.79736328125
2025-03-14,226.6099395751953,39.99052429199219
2025-03-17,228.0625457763672,40.52842712402344
2025-03-18,229.0764617919922,40.73381042480469
2025-03-19,233.11264038085938,41.281490325927734
2025-03-20,233.01513671875,41.54554748535156
2025-03-21,235.56942749023438,41.535770416259766
2025-03-24,241.83816528320312,42.1225700378418
2025-03-25,244.83116149902344,42.32794952392578
2025-03-26,244.73365783691406,41.87806701660156
2025-03-27,241.89663696289062,41.62378692626953
2025-03-28,236.7588348388672,40.34260940551758
2025-03-31,239.14736938476562,40.81204605102539
2025-04-01,237.5485076904297,40.577327728271484
2025-04-02,239.6543426513672,40.929405212402344
2025-04-03,222.9539794921875,36.4012565612793
2025-04-04,206.2684783935547,33.633506774902344
2025-04-07,210.34913635253906,34.797332763671875
2025-04-08,212.73275756835938,34.259429931640625
2025-04-09,229.86949157714844,36.332794189453125
2025-04-10,222.7774200439453,35.06138610839844
2025-04-11,231.6940155029297,35.15919494628906
2025-04-14,230.24224853515625,35.86335372924805
2025-04-15,228.6825714111328,37.154319763183594
2025-04-16,225.229736328125,36.50883483886719
2025-04-17,227.534912109375,36.587074279785156
2025-04-21,224.62156677246094,36.107852935791016
2025-04-22,231.09564208984375,37.477054595947266
2025-04-23,236.28472900390625,37.89759826660156
2025-04-24,239.97299194335938,38.709346771240234
2025-04-25,238.90380859375,38.816917419433594
2025-04-28,238.580078125,38.90494155883789
2025-04-29,239.953369140625,39.110321044921875
2025-04-30,239.953369140625,39.002742767333984
2025-05-01,242.1800994873047,39.28635787963867
2025-05-02,247.69287109375,40.16656494140625
2025-05-05,247.74191284179688,40.21546173095703
2025-05-06,244.4950408935547,39.941627502441406
2025-05-07,244.63238525390625,40.02964401245117
2025-05-08,248.63453674316406,40.68490219116211
2025-05-09,248.2519989013672,40.8707275390625
2025-05-12,255.08900451660156,42.40618896484375
2025-05-13,257.9925842285156,43.30595779418945
2025-05-14,260.5724182128906,43.755836486816406
2025-05-15,262.3870544433594,43.403751373291016
2025-05-16,262.45574951171875,43.70692825317383
2025-05-19,259.826904296875,43.78517532348633
2025-05-20,260.61163330078125,43.70692825317383
2025-05-21,256.06011962890625,42.29861068725586
2025-05-22,255.6972198486328,42.35729217529297
2025-05-23,255.73643493652344,42.24971389770508
2025-05-27,260.22906494140625,43.247276306152344
2025-05-28,258.46337890625,43.090797424316406
2025-05-29,259.3266296386719,43.26683807373047
2025-05-30,258.96368408203125,43.15925598144531
2025-06-02,259.611083984375,43.1103515625
2025-06-03,261.1903381347656,43.667816162109375
2025-06-04,259.17950439453125,43.384193420410156
2025-06-05,256.9527893066406,43.403751373291016
2025-06-06,260.66064453125,44.23995590209961
2025-06-09,261.6513977050781,44.14157485961914
2025-06-10,263.4759216308594,44.35800552368164
2025-06-11,263.03448486328125,44.003849029541016
2025-06-12,263.12274169921875,43.895633697509766
2025-06-13,259.89556884765625,43.374244689941406
2025-06-16,265.2023010253906,43.68904495239258
2025-06-17,264.37835693359375,43.511966705322266
2025-06-18,268.7336730957031,44.328495025634766
2025-06-20,269.7538146972656,44.761348724365234
2025-06-23,272.9613952636719,45.548362731933594
2025-06-24,275.8943786621094,45.90251541137695
2025-06-25,278.6409606933594,46.08943176269531
2025-06-26,283.24151611328125,46.68952941894531
2025-06-27,281.6327819824219,46.35505294799805
2025-06-30,284.3794250488281,46.55180358886719
2025-07-01,284.869873046875,47.36832809448242
2025-07-02,286.4295349121094,47.91923522949219
2025-07-03,291.75201416015625,48.13566589355469
2025-07-07,287.77984619140625,47.87004852294922
2025-07-08,278.72174072265625,46.38456344604492
2025-07-09,279.0962829589844,46.079593658447266
2025-07-10,284.05413818359375,46.207489013671875
2025-07-11,282.7431640625,45.97138214111328
2025-07-14,284.55682373046875,46.30586242675781
2025-07-15,282.4376525878906,45.40079879760742
2025-07-16,281.7181396484375,45.282745361328125
2025-07-17,285.73956298828125,46.256675720214844
2025-07-18,287.08990478515625,46.55180358886719
2025-07-21,286.7942199707031,46.709205627441406
2025-07-22,287.2475891113281,46.99449920654297
2025-07-23,292.5011291503906,47.358489990234375
2025-07-24,292.2940979003906,47.60443115234375
2025-07-25,294.33441162109375,47.66345977783203
2025-07-28,293.9992980957031,47.44702911376953
2025-07-29,292.7771301269531,47.171573638916016
2025-07-30,295.3299255371094,47.18141174316406
2025-07-31,291.9885559082031,46.50261306762695
2025-08-01,285.2171936035156,44.91875457763672
2025-08-04,290.0369873046875,45.10566711425781
2025-08-05,287.1884460449219,44.820377349853516
2025-08-06,287.16876220703125,44.682647705078125
2025-08-07,282.8220520019531,44.19076156616211
2025-08-08,284.6159362792969,45.263065338134766
2025-08-11,285.4044189453125,45.4106330871582
2025-08-12,288.6472473144531,46.728885650634766
2025-08-13,286.36053466796875,46.473106384277344
2025-08-14,289.93841552734375,46.93547058105469
2025-08-15,286.32110595703125,46.17797088623047
2025-08-18,287.34619140625,47.14206314086914
2025-08-19,286.4886779785156,47.29946517944336
2025-08-20,288.0459899902344,47.56507873535156
2025-08-21,287.28704833984375,47.47654342651367
2025-08-22,291.9885559082031,48.67673873901367
2025-08-25,290.6678161621094,48.67673873901367
2025-08-26,294.28515625,49.43423843383789
2025-08-27,294.9849548339844,49.562129974365234
2025-08-28,296.7492980957031,49.67033767700195
2025-08-29,297.09423828125,49.916282653808594
2025-09-02,295.39892578125,49.60147476196289
2025-09-03,295.211669921875,49.24732208251953
2025-09-04,299.4598083496094,49.7982292175293
2025-09-05,290.1552734375,49.2343635559082
2025-09-08,288.70635986328125,48.92770004272461
2025-09-09,293.5754699707031,49.74877166748047
2025-09-10,296.22686767578125,49.590492248535156
2025-09-11,301.1748352050781,50.203819274902344
2025-09-12,302.5054626464844,50.03565216064453
2025-09-15,304.4668884277344,50.04553985595703
2025-09-16,304.75274658203125,50.11478805541992
2025-09-17,307.2760009765625,50.846824645996094
2025-09-18,308.7347717285156,51.5689697265625
2025-09-19,310.26251220703125,51.68767547607422
2025-09-22,307.9560852050781,51.36122512817383
2025-09-23,308.25177001953125,51.143592834472656
2025-09-24,308.92205810546875,51.143592834472656
2025-09-25,308.9516296386719,51.29197692871094
2025-09-26,311.5241394042969,51.64810562133789
2025-09-29,311.1594543457031,51.85584259033203
2025-09-30,310.9031677246094,51.0347785949707
2025-10-01,306.2508850097656,50.13457107543945
2025-10-02,303.1362609863281,49.93672561645508
2025-10-03,305.5806579589844,50.095001220703125
2025-10-06,306.2244567871094,49.847694396972656
2025-10-07,304.7486877441406,49.74877166748047
2025-10-08,301.1236877441406,49.303611755371094
2025-10-09,302.6093444824219,49.254150390625
2025-10-10,298.01373291015625,48.12642288208008
2025-10-13,305.0260314941406,48.33415985107422
2025-10-14,299.19232177734375,49.55092239379883
2025-10-15,302.767822265625,51.71735382080078
2025-10-16,295.6861572265625,49.897151947021484
2025-10-17,294.7155456542969,50.728111267089844
2025-10-20,299.4696350097656,51.47993469238281
2025-10-21,294.2500305175781,50.96553421020508
2025-10-22,291.2984924316406,50.550052642822266
2025-10-23,291.72442626953125,51.20294952392578
2025-10-24,297.5680236816406,52.00423049926758
2025-10-27,301.2425231933594,52.44939041137695
2025-10-28,302.4409484863281,52.301002502441406
2025-10-29,302.58953857421875,52.014129638671875
2025-10-30,306.48199462890625,52.45927810668945
2025-10-31,308.1459045410156,52.87476348876953
2025-11-03,306.3928527832031,52.983577728271484
2025-11-04,306.2937927246094,52.96379470825195
2025-11-05,308.7005615234375,51.88552474975586
2025-11-06,310.4239501953125,52.71648406982422
2025-11-07,311.20635986328125,52.6274528503418
2025-11-10,313.8607482910156,52.84508514404297
2025-11-11,312.6028747558594,53.052825927734375
2025-11-12,317.34710693359375,53.52766036987305
2025-11-13,306.5216064453125,52.301002502441406
2025-11-14,300.7076721191406,52.043800354003906
2025-11-17,297.4986572265625,50.92596435546875
2025-11-18,296.5478515625,51.0842399597168
2025-11-19,300.3709411621094,51.46015167236328
2025-11-20,295.5277099609375,50.45112991333008
2025-11-21,295.171142578125,51.005104064941406
2025-11-24,295.1513366699219,51.371116638183594
2025-11-25,300.103515625,51.915199279785156
2025-11-26,304.6991882324219,52.41971206665039
2025-11-28,310.087158203125,53.07261276245117
2025-12-01,305.9669494628906,52.667022705078125
2025-12-02,304.9368896484375,52.617557525634766
2025-12-03,309.1462707519531,53.50787353515625
2025-12-04,313.0783386230469,53.577117919921875
2025-12-05,312.0284729003906,53.646728515625
2025-12-08,312.1968078613281,53.597007751464844
2025-12-09,297.6373596191406,53.23903274536133
2025-12-10,307.1455383300781,53.775997161865234
2025-12-11,314.3460693359375,54.253299713134766
2025-12-12,315.4751892089844,54.83003616333008
2025-12-15,316.9608154296875,55.01897048950195
2025-12-16,312.5335693359375,54.50189208984375
2025-12-17,311.9690246582031,54.24335479736328
2025-12-18,310.0079345703125,53.95498275756836
2025-12-19,314.17767333984375,54.95930862426758
2025-12-22,320.0014953613281,55.565879821777344
2025-12-23,322.8143310546875,55.655372619628906
2025-12-24,326.02337646484375,55.93379592895508
2025-12-26,324.7754211425781,55.854244232177734
2025-12-29,320.6551818847656,55.038856506347656
2025-12-30,320.328369140625,54.9692497253418
2025-12-31,319.1398010253906,54.69082260131836
